"qubits_2","qubits_3","qubits_4","qubits_5","qubits_6","qubits_7","qubits_8"
0.943359375,0.869140625,0.88671875,0.96484375,0.9853515625,0.994140625,0.9970703125
0.91796875,0.8681640625,0.8984375,0.9443359375,0.9873046875,0.990234375,0.9970703125
0.94140625,0.8623046875,0.896484375,0.9521484375,0.986328125,0.990234375,1
0.951171875,0.8642578125,0.9140625,0.95703125,0.9794921875,0.9951171875,0.9970703125
0.9326171875,0.84375,0.9052734375,0.95703125,0.982421875,0.99609375,0.99609375
0.939453125,0.853515625,0.892578125,0.9638671875,0.984375,0.9921875,0.9990234375
0.935546875,0.87109375,0.8974609375,0.9619140625,0.9775390625,0.9931640625,0.9970703125
0.9462890625,0.84375,0.900390625,0.962890625,0.9873046875,0.9931640625,0.998046875
0.951171875,0.865234375,0.90234375,0.9482421875,0.98046875,0.9931640625,0.9990234375
0.9365234375,0.84765625,0.8974609375,0.9677734375,0.986328125,0.994140625,0.9951171875
0.9443359375,0.849609375,0.9013671875,0.951171875,0.9873046875,0.9931640625,0.9951171875
0.9404296875,0.8564453125,0.88671875,0.9521484375,0.9853515625,0.994140625,0.998046875
0.9365234375,0.84375,0.900390625,0.9638671875,0.974609375,0.9951171875,0.9970703125
0.935546875,0.8603515625,0.8876953125,0.958984375,0.9853515625,0.9921875,0.998046875
0.93359375,0.86328125,0.87890625,0.9482421875,0.986328125,0.9912109375,0.9951171875
